Kombinace rysů,délka úseku,Accuracy,F míra stavu 0,F míra stavu 1,F míra stavu 2,F míra průměrná,Precision stavu 0,Precision stavu 1,Precision stavu 2,Recall stavu 0,Recall stavu 1,Recall stavu 2
"(0, 0, 0, 0, 1)",5,0.580952380952381,0.717948717948718,0.0,1.0,0.5726495726495727,0.5833333333333334,0.0,1.0,0.9333333333333333,0.0,1.0
"(0, 0, 0, 1, 0)",5,0.9400000000000001,0.9446201739228467,0.926928451906748,1.0,0.9571828752765315,0.9981981981981981,0.8658991277791028,1.0,0.8966666666666667,0.9974999999999999,1.0
"(0, 0, 0, 1, 1)",5,0.580952380952381,0.717948717948718,0.0,0.7692307692307693,0.49572649572649574,0.5833333333333334,0.0,0.625,0.9333333333333333,0.0,1.0
"(0, 0, 1, 0, 0)",5,0.9419047619047619,0.9464589298290653,0.9291044937701605,1.0,0.9585211411997421,0.9982142857142857,0.8697467372321583,1.0,0.9,0.9974999999999999,1.0
"(0, 0, 1, 0, 1)",5,0.580952380952381,0.717948717948718,0.0,1.0,0.5726495726495727,0.5833333333333334,0.0,1.0,0.9333333333333333,0.0,1.0
"(0, 0, 1, 1, 0)",5,0.9342857142857144,0.9399100586412195,0.9525607909884505,0.7692307692307693,0.8872338729534797,0.9836330486330486,0.9290262744519933,0.625,0.9,0.9775,1.0
"(0, 0, 1, 1, 1)",5,0.9342857142857144,0.9400145897322314,0.9642151608437448,0.7142857142857143,0.8728384882872302,0.9819275027239629,0.9539314178554685,0.5555555555555556,0.9016666666666667,0.975,1.0
"(0, 1, 0, 0, 0)",5,0.582857142857143,0.7177803132455141,0.022322097378277155,1.0,0.580034136874597,0.5850812896114632,0.10444444444444442,1.0,0.9283333333333333,0.0125,1.0
"(0, 1, 0, 0, 1)",5,0.5628571428571428,0.7017555734168112,0.004301075268817204,1.0,0.5686855495618761,0.5750824894754808,0.015384615384615385,1.0,0.9,0.0025,1.0
"(0, 1, 0, 1, 0)",5,0.917142857142857,0.92194635650518,0.9017280488013648,1.0,0.9412248017688484,0.998076923076923,0.8227981344052774,1.0,0.8566666666666667,0.9974999999999999,1.0
"(0, 1, 0, 1, 1)",5,0.5657142857142856,0.7046287046287046,0.0,1.0,0.5682095682095682,0.5762411347517731,0.0,1.0,0.9066666666666666,0.0,1.0
"(0, 1, 1, 0, 0)",5,0.919047619047619,0.9238517676818916,0.9038072693332613,1.0,0.9425530123383844,0.9980582524271846,0.8262933184257111,1.0,0.86,0.9974999999999999,1.0
"(0, 1, 1, 0, 1)",5,0.5619047619047619,0.7012987012987013,0.0,1.0,0.5670995670995671,0.574468085106383,0.0,1.0,0.9,0.0,1.0
"(0, 1, 1, 1, 0)",5,0.9114285714285714,0.9165491205491205,0.8949738800525318,1.0,0.9371743335338841,0.9922128851540617,0.816655925528106,1.0,0.8516666666666668,0.99,1.0
"(0, 1, 1, 1, 1)",5,0.5780952380952382,0.7150755867368246,0.004301075268817204,1.0,0.5731255540018807,0.5821746880570411,0.015384615384615385,1.0,0.9266666666666667,0.0025,1.0
"(1, 0, 0, 0, 0)",5,0.6009523809523809,0.7343047317021356,0.00935704514363885,1.0,0.5812205922819247,0.5926331008216134,0.07333333333333333,1.0,0.9650000000000001,0.005,1.0
"(1, 0, 0, 0, 1)",5,0.5714285714285714,0.7096774193548387,0.0,1.0,0.5698924731182796,0.5789473684210527,0.0,1.0,0.9166666666666666,0.0,1.0
"(1, 0, 0, 1, 0)",5,0.858095238095238,0.8891423975229564,0.7332903066248221,1.0,0.8741442347159263,0.911616111249619,0.6968815563921491,1.0,0.8883333333333334,0.7950000000000002,1.0
"(1, 0, 0, 1, 1)",5,0.5714285714285714,0.7096774193548387,0.0,0.8190476190476191,0.5095750128008192,0.5789473684210527,0.0,0.7079365079365079,0.9166666666666666,0.0,1.0
"(1, 0, 1, 0, 0)",5,0.9333333333333333,0.9381534593569418,0.91936526330962,1.0,0.9525062408888539,0.9981481481481481,0.8526287257339433,1.0,0.885,0.9974999999999999,1.0
"(1, 0, 1, 0, 1)",5,0.5714285714285714,0.7096774193548387,0.0,0.8333333333333334,0.514336917562724,0.5789473684210527,0.0,0.7142857142857143,0.9166666666666666,0.0,1.0
"(1, 0, 1, 1, 0)",5,0.9257142857142856,0.9315367180188551,0.9537279314942113,0.7142857142857143,0.866516787932927,0.9833638094638614,0.9312637959666231,0.5555555555555556,0.885,0.9775,1.0
"(1, 0, 1, 1, 1)",5,0.7866666666666667,0.8452784857570774,0.5801824385289441,0.7999999999999999,0.7418203080953405,0.8214942177219994,0.5756245395485902,0.7,0.9033333333333333,0.585,1.0
"(1, 1, 0, 0, 0)",5,0.582857142857143,0.7188751033912324,0.008888888888888889,1.0,0.5759213307600405,0.584561403508772,0.04,1.0,0.9333333333333333,0.005,1.0
"(1, 1, 0, 0, 1)",5,0.5619047619047619,0.7012987012987013,0.0,1.0,0.5670995670995671,0.574468085106383,0.0,1.0,0.9,0.0,1.0
"(1, 1, 0, 1, 0)",5,0.579047619047619,0.7148262740495751,0.017486860965121837,1.0,0.5774377116715657,0.5831588427333109,0.0696969696969697,1.0,0.9233333333333335,0.01,1.0
"(1, 1, 0, 1, 1)",5,0.5619047619047619,0.7012987012987013,0.0,1.0,0.5670995670995671,0.574468085106383,0.0,1.0,0.9,0.0,1.0
"(1, 1, 1, 0, 0)",5,0.580952380952381,0.7157615617496609,0.02652014652014652,1.0,0.580760569423269,0.5843887496519076,0.11454545454545455,1.0,0.9233333333333332,0.015000000000000003,1.0
"(1, 1, 1, 0, 1)",5,0.5628571428571428,0.7017555734168112,0.004301075268817204,1.0,0.5686855495618761,0.5750824894754807,0.015384615384615385,1.0,0.9,0.0025,1.0
"(1, 1, 1, 1, 0)",5,0.7257142857142858,0.8083609093578848,0.35908562572646263,1.0,0.7224821783614491,0.7513284559106662,0.3292227529309596,1.0,0.9233333333333335,0.395,1.0
"(1, 1, 1, 1, 1)",5,0.5619047619047619,0.7012987012987013,0.0,1.0,0.5670995670995671,0.574468085106383,0.0,1.0,0.9,0.0,1.0
"(0, 0, 0, 0, 1)",6,0.5714285714285714,0.7096774193548387,0.0,1.0,0.5698924731182796,0.5789473684210527,0.0,1.0,0.9166666666666666,0.0,1.0
"(0, 0, 0, 1, 0)",6,0.8533333333333333,0.8846253172856755,0.7250433827066078,1.0,0.8698895666640946,0.914797507788162,0.6647728995156427,1.0,0.8783333333333333,0.7975,1.0
"(0, 0, 0, 1, 1)",6,0.5714285714285714,0.7096774193548387,0.0,1.0,0.5698924731182796,0.5789473684210527,0.0,1.0,0.9166666666666666,0.0,1.0
"(0, 0, 1, 0, 0)",6,0.9323809523809524,0.9371591633177314,0.9183862428787091,1.0,0.9518484687321468,0.998165137614679,0.8510855163954147,1.0,0.8833333333333334,0.9974999999999999,1.0
"(0, 0, 1, 0, 1)",6,0.5714285714285714,0.7096774193548387,0.0,1.0,0.5698924731182796,0.5789473684210527,0.0,1.0,0.9166666666666666,0.0,1.0
"(0, 0, 1, 1, 0)",6,0.580952380952381,0.717948717948718,0.0,1.0,0.5726495726495727,0.5833333333333334,0.0,1.0,0.9333333333333333,0.0,1.0
"(0, 0, 1, 1, 1)",6,0.5714285714285714,0.7096774193548387,0.0,1.0,0.5698924731182796,0.5789473684210527,0.0,1.0,0.9166666666666666,0.0,1.0
"(0, 1, 0, 0, 0)",6,0.582857142857143,0.7177803132455141,0.022322097378277155,1.0,0.580034136874597,0.5850812896114632,0.10444444444444442,1.0,0.9283333333333333,0.0125,1.0
"(0, 1, 0, 0, 1)",6,0.5533333333333333,0.6932647594556949,0.004210526315789474,1.0,0.5658250952571614,0.5705085730892183,0.013333333333333332,1.0,0.8833333333333332,0.0025,1.0
"(0, 1, 0, 1, 0)",6,0.5619047619047619,0.7009095139388298,0.004301075268817204,1.0,0.5684035297358824,0.574627375128001,0.015384615384615385,1.0,0.8983333333333334,0.0025,1.0
"(0, 1, 0, 1, 1)",6,0.5714285714285714,0.7096774193548387,0.0,1.0,0.5698924731182796,0.5789473684210527,0.0,1.0,0.9166666666666666,0.0,1.0
"(0, 1, 1, 0, 0)",6,0.9066666666666666,0.9111599284749102,0.8907184065411375,1.0,0.9339594450053493,0.997979797979798,0.8046814064953729,1.0,0.8383333333333333,0.9974999999999999,1.0
"(0, 1, 1, 0, 1)",6,0.5533333333333333,0.6932647594556949,0.004210526315789474,1.0,0.5658250952571614,0.5705085730892183,0.013333333333333332,1.0,0.8833333333333332,0.0025,1.0
"(0, 1, 1, 1, 0)",6,0.580952380952381,0.717948717948718,0.0,1.0,0.5726495726495727,0.5833333333333334,0.0,1.0,0.9333333333333333,0.0,1.0
"(0, 1, 1, 1, 1)",6,0.5685714285714285,0.706758328926494,0.004210526315789474,1.0,0.5703229517474278,0.5777524893314367,0.013333333333333332,1.0,0.9099999999999999,0.0025,1.0
"(1, 0, 0, 0, 0)",6,0.6009523809523809,0.7343047317021356,0.00935704514363885,1.0,0.5812205922819247,0.5926331008216134,0.07333333333333333,1.0,0.9650000000000001,0.005,1.0
"(1, 0, 0, 0, 1)",6,0.5619047619047619,0.7012987012987013,0.0,1.0,0.5670995670995671,0.574468085106383,0.0,1.0,0.9,0.0,1.0
"(1, 0, 0, 1, 0)",6,0.5714285714285714,0.7096774193548387,0.0,1.0,0.5698924731182796,0.5789473684210527,0.0,1.0,0.9166666666666666,0.0,1.0
"(1, 0, 0, 1, 1)",6,0.5619047619047619,0.7012987012987013,0.0,1.0,0.5670995670995671,0.574468085106383,0.0,1.0,0.9,0.0,1.0
"(1, 0, 1, 0, 0)",6,0.919047619047619,0.9242991991842271,0.9030858332092778,1.0,0.9424616774645017,0.9924155283968368,0.8302781083903641,1.0,0.865,0.99,1.0
"(1, 0, 1, 0, 1)",6,0.5619047619047619,0.7012987012987013,0.0,0.901185770750988,0.5341614906832298,0.574468085106383,0.0,0.8205128205128206,0.9,0.0,1.0
"(1, 0, 1, 1, 0)",6,0.5714285714285714,0.7096774193548387,0.0,1.0,0.5698924731182796,0.5789473684210527,0.0,1.0,0.9166666666666666,0.0,1.0
"(1, 0, 1, 1, 1)",6,0.5619047619047619,0.7012987012987013,0.0,1.0,0.5670995670995671,0.574468085106383,0.0,1.0,0.9,0.0,1.0
"(1, 1, 0, 0, 0)",6,0.582857142857143,0.7188751033912324,0.008888888888888889,1.0,0.5759213307600405,0.584561403508772,0.04,1.0,0.9333333333333333,0.005,1.0
"(1, 1, 0, 0, 1)",6,0.5523809523809524,0.6928104575163399,0.0,1.0,0.5642701525054467,0.5698924731182796,0.0,1.0,0.8833333333333332,0.0,1.0
"(1, 1, 0, 1, 0)",6,0.5628571428571428,0.7017555734168112,0.004301075268817204,1.0,0.5686855495618761,0.5750824894754808,0.015384615384615385,1.0,0.9,0.0025,1.0
"(1, 1, 0, 1, 1)",6,0.5523809523809524,0.6928104575163399,0.0,1.0,0.5642701525054467,0.5698924731182796,0.0,1.0,0.8833333333333332,0.0,1.0
"(1, 1, 1, 0, 0)",6,0.5771428571428572,0.7124364308830329,0.026278069756330624,1.0,0.5795715002131211,0.5826297422042103,0.10606060606060605,1.0,0.9166666666666666,0.015000000000000003,1.0
"(1, 1, 1, 0, 1)",6,0.5542857142857143,0.6937190613950499,0.008421052631578947,1.0,0.5673800380088763,0.5711246730601569,0.026666666666666665,1.0,0.8833333333333332,0.005,1.0
"(1, 1, 1, 1, 0)",6,0.6295238095238094,0.7422048803214722,0.17627118644067796,1.0,0.6394920222540501,0.6556909729394753,0.16082474226804125,1.0,0.8883333333333333,0.195,1.0
"(1, 1, 1, 1, 1)",6,0.5523809523809524,0.6928104575163399,0.0,1.0,0.5642701525054467,0.5698924731182796,0.0,1.0,0.8833333333333332,0.0,1.0
"(0, 0, 0, 0, 1)",7,0.5619047619047619,0.7012987012987013,0.0,1.0,0.5670995670995671,0.574468085106383,0.0,1.0,0.9,0.0,1.0
"(0, 0, 0, 1, 0)",7,0.5714285714285714,0.7096774193548387,0.0,1.0,0.5698924731182796,0.5789473684210527,0.0,1.0,0.9166666666666666,0.0,1.0
"(0, 0, 0, 1, 1)",7,0.5619047619047619,0.7012987012987013,0.0,1.0,0.5670995670995671,0.574468085106383,0.0,1.0,0.9,0.0,1.0
"(0, 0, 1, 0, 0)",7,0.9142857142857143,0.918939636884591,0.8988033090505001,1.0,0.9392476486450303,0.9980952380952381,0.8181301994482004,1.0,0.8516666666666666,0.9974999999999999,1.0
"(0, 0, 1, 0, 1)",7,0.5619047619047619,0.7012987012987013,0.0,1.0,0.5670995670995671,0.574468085106383,0.0,1.0,0.9,0.0,1.0
"(0, 0, 1, 1, 0)",7,0.5733333333333333,0.7113369982366974,0.0,1.0,0.5704456660788991,0.5798291540369248,0.0,1.0,0.9200000000000002,0.0,1.0
"(0, 0, 1, 1, 1)",7,0.5619047619047619,0.7012987012987013,0.0,1.0,0.5670995670995671,0.574468085106383,0.0,1.0,0.9,0.0,1.0
"(0, 1, 0, 0, 0)",7,0.582857142857143,0.7177803132455141,0.022322097378277155,1.0,0.580034136874597,0.5850812896114632,0.10444444444444442,1.0,0.9283333333333333,0.0125,1.0
"(0, 1, 0, 0, 1)",7,0.5428571428571428,0.6842105263157895,0.0,1.0,0.5614035087719298,0.5652173913043478,0.0,1.0,0.8666666666666668,0.0,1.0
"(0, 1, 0, 1, 0)",7,0.5533333333333333,0.6932647594556949,0.004210526315789474,1.0,0.5658250952571614,0.5705085730892183,0.013333333333333332,1.0,0.8833333333333332,0.0025,1.0
"(0, 1, 0, 1, 1)",7,0.5619047619047619,0.7012987012987013,0.0,1.0,0.5670995670995671,0.574468085106383,0.0,1.0,0.9,0.0,1.0
"(0, 1, 1, 0, 0)",7,0.8952380952380953,0.899212685684564,0.8789196794138254,1.0,0.9260441216994633,0.9979591836734694,0.7856135756351192,1.0,0.8183333333333334,0.9974999999999999,1.0
"(0, 1, 1, 0, 1)",7,0.5447619047619048,0.6851137745353483,0.008247422680412371,1.0,0.5644537324052535,0.5664528391541934,0.023529411764705882,1.0,0.8666666666666668,0.005,1.0
"(0, 1, 1, 1, 0)",7,0.5752380952380951,0.7129912579554734,0.0,1.0,0.5709970859851577,0.580706347019381,0.0,1.0,0.9233333333333332,0.0,1.0
"(0, 1, 1, 1, 1)",7,0.5619047619047619,0.7012987012987013,0.0,1.0,0.5670995670995671,0.574468085106383,0.0,1.0,0.9,0.0,1.0
"(1, 0, 0, 0, 0)",7,0.6009523809523809,0.7343047317021356,0.00935704514363885,1.0,0.5812205922819247,0.5926331008216134,0.07333333333333333,1.0,0.9650000000000001,0.005,1.0
"(1, 0, 0, 0, 1)",7,0.5523809523809524,0.6928104575163399,0.0,1.0,0.5642701525054467,0.5698924731182796,0.0,1.0,0.8833333333333332,0.0,1.0
"(1, 0, 0, 1, 0)",7,0.5619047619047619,0.7012987012987013,0.0,1.0,0.5670995670995671,0.574468085106383,0.0,1.0,0.9,0.0,1.0
"(1, 0, 0, 1, 1)",7,0.5619047619047619,0.7012987012987013,0.0,1.0,0.5670995670995671,0.574468085106383,0.0,1.0,0.9,0.0,1.0
"(1, 0, 1, 0, 0)",7,0.9104761904761904,0.9153641257233136,0.8942777806965825,1.0,0.9365473021399653,0.994152811507566,0.8139436922415648,1.0,0.8483333333333334,0.9925,1.0
"(1, 0, 1, 0, 1)",7,0.5523809523809524,0.6928104575163399,0.0,0.886034255599473,0.5262815710386043,0.5698924731182796,0.0,0.7967032967032968,0.8833333333333332,0.0,1.0
"(1, 0, 1, 1, 0)",7,0.5638095238095238,0.7029798680284116,0.0,1.0,0.5676599560094706,0.5753686817516606,0.0,1.0,0.9033333333333333,0.0,1.0
"(1, 0, 1, 1, 1)",7,0.5619047619047619,0.7012987012987013,0.0,1.0,0.5670995670995671,0.574468085106383,0.0,1.0,0.9,0.0,1.0
"(1, 1, 0, 0, 0)",7,0.582857142857143,0.7188751033912324,0.008888888888888889,1.0,0.5759213307600405,0.584561403508772,0.04,1.0,0.9333333333333333,0.005,1.0
"(1, 1, 0, 0, 1)",7,0.5428571428571428,0.6842105263157895,0.0,1.0,0.5614035087719298,0.5652173913043478,0.0,1.0,0.8666666666666668,0.0,1.0
"(1, 1, 0, 1, 0)",7,0.5552380952380952,0.6949624082121671,0.004210526315789474,1.0,0.5663909781759855,0.5714236954868389,0.013333333333333332,1.0,0.8866666666666667,0.0025,1.0
"(1, 1, 0, 1, 1)",7,0.5428571428571428,0.6842105263157895,0.0,1.0,0.5614035087719298,0.5652173913043478,0.0,1.0,0.8666666666666668,0.0,1.0
"(1, 1, 1, 0, 0)",7,0.5647619047619047,0.7014953698323103,0.025578634300232394,1.0,0.5756913347108475,0.576793433074268,0.08695970695970696,1.0,0.8950000000000001,0.015000000000000003,1.0
"(1, 1, 1, 0, 1)",7,0.5447619047619048,0.6851137745353483,0.008247422680412371,1.0,0.5644537324052535,0.5664528391541934,0.023529411764705882,1.0,0.8666666666666668,0.005,1.0
"(1, 1, 1, 1, 0)",7,0.5542857142857143,0.6945081062728121,0.0,1.0,0.5648360354242706,0.5708075955159002,0.0,1.0,0.8866666666666667,0.0,1.0
"(1, 1, 1, 1, 1)",7,0.5619047619047619,0.7012987012987013,0.0,1.0,0.5670995670995671,0.574468085106383,0.0,1.0,0.9,0.0,1.0
"(0, 0, 0, 0, 1)",8,0.5523809523809524,0.6928104575163399,0.0,1.0,0.5642701525054467,0.5698924731182796,0.0,1.0,0.8833333333333332,0.0,1.0
"(0, 0, 0, 1, 0)",8,0.5638095238095238,0.7029798680284116,0.0,1.0,0.5676599560094706,0.5753686817516606,0.0,1.0,0.9033333333333333,0.0,1.0
"(0, 0, 0, 1, 1)",8,0.5523809523809524,0.6928104575163399,0.0,1.0,0.5642701525054467,0.5698924731182796,0.0,1.0,0.8833333333333332,0.0,1.0
"(0, 0, 1, 0, 0)",8,0.9019047619047619,0.9061292138317697,0.885854833311239,1.0,0.9306613490476696,0.9980582524271846,0.7969597920747432,1.0,0.8299999999999998,0.9974999999999999,1.0
"(0, 0, 1, 0, 1)",8,0.5523809523809524,0.6928104575163399,0.0,1.0,0.5642701525054467,0.5698924731182796,0.0,1.0,0.8833333333333332,0.0,1.0
"(0, 0, 1, 1, 0)",8,0.5685714285714285,0.7071719386157219,0.0,1.0,0.5690573128719073,0.5776106934001671,0.0,1.0,0.9116666666666667,0.0,1.0
"(0, 0, 1, 1, 1)",8,0.5523809523809524,0.6928104575163399,0.0,1.0,0.5642701525054467,0.5698924731182796,0.0,1.0,0.8833333333333332,0.0,1.0
"(0, 1, 0, 0, 0)",8,0.582857142857143,0.7177803132455141,0.022322097378277155,1.0,0.580034136874597,0.5850812896114632,0.10444444444444442,1.0,0.9283333333333333,0.0125,1.0
"(0, 1, 0, 0, 1)",8,0.5333333333333333,0.6754966887417219,0.0,1.0,0.5584988962472406,0.5604395604395604,0.0,1.0,0.85,0.0,1.0
"(0, 1, 0, 1, 0)",8,0.5476190476190477,0.6881077622049369,0.004123711340206186,1.0,0.564077157848381,0.5677102020973448,0.011764705882352941,1.0,0.8733333333333334,0.0025,1.0
"(0, 1, 0, 1, 1)",8,0.5523809523809524,0.6928104575163399,0.0,1.0,0.5642701525054467,0.5698924731182796,0.0,1.0,0.8833333333333332,0.0,1.0
"(0, 1, 1, 0, 0)",8,0.880952380952381,0.884292071060818,0.864067770333507,1.0,0.9161199471314418,0.9937276180141075,0.765147233169919,1.0,0.7966666666666666,0.9925,1.0
"(0, 1, 1, 0, 1)",8,0.5371428571428571,0.6772920287782447,0.01616161616161616,1.0,0.564484548313287,0.5629166413696801,0.042105263157894736,1.0,0.85,0.01,1.0
"(0, 1, 1, 1, 0)",8,0.5714285714285714,0.7096774193548387,0.0,1.0,0.5698924731182796,0.5789473684210527,0.0,1.0,0.9166666666666666,0.0,1.0
"(0, 1, 1, 1, 1)",8,0.5523809523809524,0.6928104575163399,0.0,1.0,0.5642701525054467,0.5698924731182796,0.0,1.0,0.8833333333333332,0.0,1.0
"(1, 0, 0, 0, 0)",8,0.6009523809523809,0.7343047317021356,0.00935704514363885,1.0,0.5812205922819247,0.5926331008216134,0.07333333333333333,1.0,0.9650000000000001,0.005,1.0
"(1, 0, 0, 0, 1)",8,0.5428571428571428,0.6842105263157895,0.0,1.0,0.5614035087719298,0.5652173913043478,0.0,1.0,0.8666666666666668,0.0,1.0
"(1, 0, 0, 1, 0)",8,0.5580952380952381,0.6975184743722778,0.00425531914893617,1.0,0.567257931173738,0.5728028804333863,0.014285714285714285,1.0,0.8916666666666666,0.0025,1.0
"(1, 0, 0, 1, 1)",8,0.5504761904761905,0.6910904712762298,0.0,1.0,0.5636968237587433,0.5689574567554933,0.0,1.0,0.8800000000000001,0.0,1.0
"(1, 0, 1, 0, 0)",8,0.8923809523809524,0.8968862807192977,0.8749875641984748,1.0,0.9239579483059241,0.9899155043460685,0.7856367679169345,1.0,0.82,0.9875,1.0
"(1, 0, 1, 0, 1)",8,0.5428571428571428,0.6842105263157895,0.0,1.0,0.5614035087719298,0.5652173913043478,0.0,1.0,0.8666666666666668,0.0,1.0
"(1, 0, 1, 1, 0)",8,0.6266666666666666,0.7394673751447078,0.19161676646706588,0.9212121212121211,0.617432087607965,0.6577491169925261,0.1839080459770115,0.8869565217391304,0.8800000000000001,0.2,1.0
"(1, 0, 1, 1, 1)",8,0.5523809523809524,0.6928104575163399,0.0,1.0,0.5642701525054467,0.5698924731182796,0.0,1.0,0.8833333333333332,0.0,1.0
"(1, 1, 0, 0, 0)",8,0.582857142857143,0.7188751033912324,0.008888888888888889,1.0,0.5759213307600405,0.584561403508772,0.04,1.0,0.9333333333333333,0.005,1.0
"(1, 1, 0, 0, 1)",8,0.5333333333333333,0.6754966887417219,0.0,1.0,0.5584988962472406,0.5604395604395604,0.0,1.0,0.85,0.0,1.0
"(1, 1, 0, 1, 0)",8,0.5514285714285714,0.6919532840458589,0.0,1.0,0.5639844280152863,0.5694274920081372,0.0,1.0,0.8816666666666666,0.0,1.0
"(1, 1, 0, 1, 1)",8,0.5447619047619048,0.6858849500064925,0.0,1.0,0.5619616500021641,0.566111308046792,0.0,1.0,0.8699999999999999,0.0,1.0
"(1, 1, 1, 0, 0)",8,0.5599999999999999,0.697223885091621,0.02531168470532798,1.0,0.5741785232656497,0.574493257287297,0.08143503555268261,1.0,0.8866666666666667,0.015000000000000003,1.0
"(1, 1, 1, 0, 1)",8,0.5352380952380952,0.6763943587599833,0.00808080808080808,1.0,0.5614917222802638,0.5616781009046203,0.021052631578947368,1.0,0.85,0.005,1.0
"(1, 1, 1, 1, 0)",8,0.5552380952380952,0.6937691665679789,0.016798245614035087,1.0,0.5701891373940046,0.5718927131900484,0.052500000000000005,1.0,0.8816666666666666,0.01,1.0
"(1, 1, 1, 1, 1)",8,0.5523809523809524,0.6928104575163399,0.0,1.0,0.5642701525054467,0.5698924731182796,0.0,1.0,0.8833333333333332,0.0,1.0
"(0, 0, 0, 0, 1)",9,0.5428571428571428,0.6842105263157895,0.0,1.0,0.5614035087719298,0.5652173913043478,0.0,1.0,0.8666666666666668,0.0,1.0
"(0, 0, 0, 1, 0)",9,0.6219047619047618,0.7337778072213571,0.1702127659574468,1.0,0.6346635243929346,0.6591193537376266,0.14814814814814814,1.0,0.8716666666666667,0.2,1.0
"(0, 0, 0, 1, 1)",9,0.5428571428571428,0.6842105263157895,0.0,1.0,0.5614035087719298,0.5652173913043478,0.0,1.0,0.8666666666666668,0.0,1.0
"(0, 0, 1, 0, 0)",9,0.8904761904761905,0.894453858969988,0.8736475165131254,1.0,0.9227004584943712,0.9938725490196078,0.780410449467315,1.0,0.8133333333333332,0.9925,1.0
"(0, 0, 1, 0, 1)",9,0.5428571428571428,0.6842105263157895,0.0,1.0,0.5614035087719298,0.5652173913043478,0.0,1.0,0.8666666666666668,0.0,1.0
"(0, 0, 1, 1, 0)",9,0.5619047619047619,0.7012987012987013,0.0,1.0,0.5670995670995671,0.574468085106383,0.0,1.0,0.9,0.0,1.0
"(0, 0, 1, 1, 1)",9,0.5428571428571428,0.6842105263157895,0.0,1.0,0.5614035087719298,0.5652173913043478,0.0,1.0,0.8666666666666668,0.0,1.0
"(0, 1, 0, 0, 0)",9,0.582857142857143,0.7177803132455141,0.022322097378277155,1.0,0.580034136874597,0.5850812896114632,0.10444444444444442,1.0,0.9283333333333333,0.0125,1.0
"(0, 1, 0, 0, 1)",9,0.5238095238095238,0.5142857142857142,0.24615384615384617,1.0,0.5868131868131867,0.7333333333333334,0.17777777777777776,1.0,0.5666666666666667,0.4,1.0
"(0, 1, 0, 1, 0)",9,0.539047619047619,0.6803067270826072,0.004081632653061224,1.0,0.5614627865785561,0.5634495938843764,0.01111111111111111,1.0,0.8583333333333334,0.0025,1.0
"(0, 1, 0, 1, 1)",9,0.5428571428571428,0.6842105263157895,0.0,1.0,0.5614035087719298,0.5652173913043478,0.0,1.0,0.8666666666666668,0.0,1.0
"(0, 1, 1, 0, 0)",9,0.8714285714285716,0.8740702278185241,0.8544928552643112,1.0,0.9095210276942784,0.9914865314266711,0.7517285182832774,1.0,0.7816666666666666,0.99,1.0
"(0, 1, 1, 0, 1)",9,0.5276190476190477,0.5922599139990444,0.1389185072353389,1.0,0.5770594737447945,0.6469273743016759,0.12698412698412698,1.0,0.7,0.21000000000000002,1.0
"(0, 1, 1, 1, 0)",9,0.5619047619047619,0.7012987012987013,0.0,1.0,0.5670995670995671,0.574468085106383,0.0,1.0,0.9,0.0,1.0
"(0, 1, 1, 1, 1)",9,0.5428571428571428,0.6842105263157895,0.0,1.0,0.5614035087719298,0.5652173913043478,0.0,1.0,0.8666666666666668,0.0,1.0
"(1, 0, 0, 0, 0)",9,0.6009523809523809,0.7343047317021356,0.00935704514363885,1.0,0.5812205922819247,0.5926331008216134,0.07333333333333333,1.0,0.9650000000000001,0.005,1.0
"(1, 0, 0, 0, 1)",9,0.5333333333333333,0.6754966887417219,0.0,1.0,0.5584988962472406,0.5604395604395604,0.0,1.0,0.85,0.0,1.0
"(1, 0, 0, 1, 0)",9,0.6161904761904762,0.7292782051186213,0.17297297297297298,1.0,0.6340837260305314,0.6549840162743388,0.15238095238095237,1.0,0.8616666666666667,0.2,1.0
"(1, 0, 0, 1, 1)",9,0.5428571428571428,0.6842105263157895,0.0,1.0,0.5614035087719298,0.5652173913043478,0.0,1.0,0.8666666666666668,0.0,1.0
"(1, 0, 1, 0, 0)",9,0.880952380952381,0.884890087403947,0.863210680988461,1.0,0.9160335894641362,0.9877053663044004,0.7684002907919085,1.0,0.8016666666666665,0.985,1.0
"(1, 0, 1, 0, 1)",9,0.5352380952380952,0.6763943587599832,0.00808080808080808,1.0,0.5614917222802638,0.5616781009046201,0.021052631578947368,1.0,0.85,0.005,1.0
"(1, 0, 1, 1, 0)",9,0.5523809523809524,0.6924075859852138,0.004210526315789474,1.0,0.5655393707670011,0.5700435919790758,0.013333333333333332,1.0,0.8816666666666666,0.0025,1.0
"(1, 0, 1, 1, 1)",9,0.5428571428571428,0.6842105263157895,0.0,1.0,0.5614035087719298,0.5652173913043478,0.0,1.0,0.8666666666666668,0.0,1.0
"(1, 1, 0, 0, 0)",9,0.582857142857143,0.7188751033912324,0.008888888888888889,1.0,0.5759213307600405,0.584561403508772,0.04,1.0,0.9333333333333333,0.005,1.0
"(1, 1, 0, 0, 1)",9,0.5238095238095238,0.43809523809523804,0.36923076923076925,1.0,0.6024420024420023,0.8222222222222222,0.26666666666666666,1.0,0.4333333333333333,0.6,1.0
"(1, 1, 0, 1, 0)",9,0.5438095238095239,0.6838198420296655,0.012287826720816412,1.0,0.5653692229168273,0.5661165432137658,0.034055727554179564,1.0,0.8633333333333333,0.0075000000000000015,1.0
"(1, 1, 0, 1, 1)",9,0.539047619047619,0.6807017543859649,0.0,1.0,0.5602339181286549,0.5632850241545894,0.0,1.0,0.8600000000000001,0.0,1.0
"(1, 1, 1, 0, 0)",9,0.5561904761904761,0.6938165939113323,0.02508862362090794,1.0,0.5729684058440802,0.572662377273924,0.07676470588235294,1.0,0.8800000000000001,0.015000000000000003,1.0
"(1, 1, 1, 0, 1)",9,0.5247619047619048,0.6671125975473802,0.0039603960396039604,1.0,0.5570243311956613,0.5561762880198634,0.009523809523809523,1.0,0.8333333333333334,0.0025,1.0
"(1, 1, 1, 1, 0)",9,0.5466666666666666,0.6860170227549071,0.016494845360824743,1.0,0.5675039560385773,0.567688287004039,0.047058823529411764,1.0,0.8666666666666668,0.01,1.0
"(1, 1, 1, 1, 1)",9,0.5428571428571428,0.6842105263157895,0.0,1.0,0.5614035087719298,0.5652173913043478,0.0,1.0,0.8666666666666668,0.0,1.0
"(0, 0, 0, 0, 1)",10,0.5333333333333333,0.6754966887417219,0.0,1.0,0.5584988962472406,0.5604395604395604,0.0,1.0,0.85,0.0,1.0
"(0, 0, 0, 1, 0)",10,0.7876190476190477,0.8161580409258151,0.6636441865248817,1.0,0.8266007424835656,0.9008633488998147,0.5748101312321495,1.0,0.7716666666666667,0.7849999999999999,1.0
"(0, 0, 0, 1, 1)",10,0.5333333333333333,0.6754966887417219,0.0,1.0,0.5584988962472406,0.5604395604395604,0.0,1.0,0.85,0.0,1.0
"(0, 0, 1, 0, 0)",10,0.8761904761904763,0.8797611013973323,0.858497201950654,1.0,0.9127527677826622,0.9874534821903242,0.7608596984738483,1.0,0.7933333333333333,0.985,1.0
"(0, 0, 1, 0, 1)",10,0.5333333333333333,0.6754966887417219,0.0,1.0,0.5584988962472406,0.5604395604395604,0.0,1.0,0.85,0.0,1.0
"(0, 0, 1, 1, 0)",10,0.7904761904761906,0.8197472185669368,0.6647040161433152,1.0,0.8281504115700841,0.8971401862169952,0.5791181990530357,1.0,0.78,0.78,1.0
"(0, 0, 1, 1, 1)",10,0.5333333333333333,0.6754966887417219,0.0,1.0,0.5584988962472406,0.5604395604395604,0.0,1.0,0.85,0.0,1.0
"(0, 1, 0, 0, 0)",10,0.582857142857143,0.7177803132455141,0.022322097378277155,1.0,0.580034136874597,0.5850812896114632,0.10444444444444442,1.0,0.9283333333333333,0.0125,1.0
"(0, 1, 0, 0, 1)",10,0.5333333333333333,0.30985915492957744,0.6201550387596899,1.0,0.6433380645630892,1.0,0.44943820224719105,1.0,0.18333333333333332,1.0,1.0
"(0, 1, 0, 1, 0)",10,0.5942857142857142,0.7069549711738357,0.16894845360824742,1.0,0.6253011415940277,0.6484859584859585,0.15035087719298246,1.0,0.8216666666666667,0.20249999999999999,1.0
"(0, 1, 0, 1, 1)",10,0.5333333333333333,0.6754966887417219,0.0,1.0,0.5584988962472406,0.5604395604395604,0.0,1.0,0.85,0.0,1.0
"(0, 1, 1, 0, 0)",10,0.8590476190476192,0.8608023249202075,0.8419821771484177,1.0,0.9009281673562084,0.9870221848044428,0.735323574222228,1.0,0.7633333333333333,0.985,1.0
"(0, 1, 1, 0, 1)",10,0.5314285714285714,0.4552474295595273,0.36994540463909753,1.0,0.6083976113995415,0.8067845198279981,0.2684187138957659,1.0,0.4499999999999999,0.595,1.0
"(0, 1, 1, 1, 0)",10,0.6723809523809525,0.7570196513179039,0.3319016495487084,1.0,0.6963071002888708,0.7342060848702215,0.2888793620852268,1.0,0.8333333333333334,0.39,1.0
"(0, 1, 1, 1, 1)",10,0.5333333333333333,0.6754966887417219,0.0,1.0,0.5584988962472406,0.5604395604395604,0.0,1.0,0.85,0.0,1.0
"(1, 0, 0, 0, 0)",10,0.6009523809523809,0.7343047317021356,0.00935704514363885,1.0,0.5812205922819247,0.5926331008216134,0.07333333333333333,1.0,0.9650000000000001,0.005,1.0
"(1, 0, 0, 0, 1)",10,0.5238095238095238,0.43809523809523804,0.36923076923076925,1.0,0.6024420024420023,0.8222222222222222,0.26666666666666666,1.0,0.4333333333333334,0.6,1.0
"(1, 0, 0, 1, 0)",10,0.6647619047619047,0.7495684057749599,0.3326241134751773,1.0,0.694064173083379,0.734782608695652,0.2873015873015873,1.0,0.8166666666666668,0.395,1.0
"(1, 0, 0, 1, 1)",10,0.5333333333333333,0.6754966887417219,0.0,1.0,0.5584988962472406,0.5604395604395604,0.0,1.0,0.85,0.0,1.0
"(1, 0, 1, 0, 0)",10,0.8723809523809525,0.875579511925029,0.8547893264401802,1.0,0.9101229461217365,0.9874067657623321,0.7551131388898356,1.0,0.7866666666666667,0.985,1.0
"(1, 0, 1, 0, 1)",10,0.5266666666666666,0.668004459308807,0.011881188118811881,1.0,0.559961882475873,0.5574177529484793,0.02857142857142857,1.0,0.8333333333333334,0.0075000000000000015,1.0
"(1, 0, 1, 1, 0)",10,0.6076190476190476,0.7193394071260456,0.17956690121638574,1.0,0.632968769447477,0.6518292826204444,0.1802482460874258,1.0,0.8433333333333334,0.205,1.0
"(1, 0, 1, 1, 1)",10,0.5333333333333333,0.6754966887417219,0.0,1.0,0.5584988962472406,0.5604395604395604,0.0,1.0,0.85,0.0,1.0
"(1, 1, 0, 0, 0)",10,0.582857142857143,0.7188751033912324,0.008888888888888889,1.0,0.5759213307600405,0.584561403508772,0.04,1.0,0.9333333333333333,0.005,1.0
"(1, 1, 0, 0, 1)",10,0.5333333333333333,0.30985915492957744,0.6201550387596899,1.0,0.6433380645630892,1.0,0.44943820224719105,1.0,0.18333333333333332,1.0,1.0
"(1, 1, 0, 1, 0)",10,0.5333333333333333,0.6750654551054982,0.00404040404040404,1.0,0.559701953048634,0.5605731285289297,0.010526315789473684,1.0,0.8483333333333333,0.0025,1.0
"(1, 1, 0, 1, 1)",10,0.5333333333333333,0.38298666169200635,0.49612403100775193,1.0,0.6263702308999194,0.9120879120879121,0.3595505617977528,1.0,0.31666666666666665,0.8,1.0
"(1, 1, 1, 0, 0)",10,0.5514285714285714,0.6891119305377732,0.028782698646468895,1.0,0.5726315430614141,0.570498656724601,0.08112745098039216,1.0,0.8699999999999999,0.017499999999999998,1.0
"(1, 1, 1, 0, 1)",10,0.5333333333333333,0.30985915492957744,0.6201550387596899,1.0,0.6433380645630892,1.0,0.44943820224719105,1.0,0.18333333333333332,1.0,1.0
"(1, 1, 1, 1, 0)",10,0.6019047619047619,0.7137553483888726,0.18220152019544117,1.0,0.6319856228614379,0.6474401649275537,0.18771929824561404,1.0,0.8333333333333333,0.205,1.0
"(1, 1, 1, 1, 1)",10,0.5333333333333333,0.6754966887417219,0.0,1.0,0.5584988962472406,0.5604395604395604,0.0,1.0,0.85,0.0,1.0
"(0, 0, 0, 0, 1)",11,0.5238095238095238,0.43809523809523804,0.36923076923076925,1.0,0.6024420024420023,0.8222222222222222,0.26666666666666666,1.0,0.4333333333333334,0.6,1.0
"(0, 0, 0, 1, 0)",11,0.8323809523809522,0.8300904977375566,0.8174319727891157,1.0,0.8825074901755574,0.9863636363636363,0.6986453201970443,1.0,0.7166666666666667,0.985,1.0
"(0, 0, 0, 1, 1)",11,0.5238095238095238,0.43809523809523804,0.36923076923076925,1.0,0.6024420024420023,0.8222222222222222,0.26666666666666666,1.0,0.4333333333333333,0.6,1.0
"(0, 0, 1, 0, 0)",11,0.862857142857143,0.8651068785432126,0.8455540035442685,1.0,0.9035536273624937,0.9871882864333104,0.7407691598367159,1.0,0.7699999999999999,0.985,1.0
"(0, 0, 1, 0, 1)",11,0.5276190476190477,0.5922599139990444,0.1389185072353389,1.0,0.5770594737447945,0.6469273743016759,0.12698412698412698,1.0,0.7,0.21000000000000002,1.0
"(0, 0, 1, 1, 0)",11,0.840952380952381,0.8407613825436225,0.8244309162230765,1.0,0.8883974329222329,0.9821706196425298,0.711520225992703,1.0,0.7350000000000001,0.9800000000000001,1.0
"(0, 0, 1, 1, 1)",11,0.5238095238095238,0.5904761904761904,0.12307692307692308,1.0,0.5711843711843712,0.6444444444444445,0.08888888888888888,1.0,0.7,0.2,1.0
"(0, 1, 0, 0, 0)",11,0.582857142857143,0.7177803132455141,0.022322097378277155,1.0,0.580034136874597,0.5850812896114632,0.10444444444444442,1.0,0.9283333333333333,0.0125,1.0
"(0, 1, 0, 0, 1)",11,0.5428571428571428,0.3333333333333333,0.625,1.0,0.6527777777777778,1.0,0.4545454545454545,1.0,0.2,1.0,1.0
"(0, 1, 0, 1, 0)",11,0.8152380952380952,0.8108953723073249,0.8008059179631211,1.0,0.8705670967568153,0.9767651888341543,0.6794991783986118,1.0,0.6933333333333334,0.975,1.0
"(0, 1, 0, 1, 1)",11,0.5238095238095238,0.5142857142857142,0.24615384615384617,1.0,0.5868131868131867,0.7333333333333334,0.17777777777777776,1.0,0.5666666666666667,0.4,1.0
"(0, 1, 1, 0, 0)",11,0.8771428571428572,0.8801853501022082,0.8594000585068718,1.0,0.9131951362030266,0.9756539338321254,0.7840861511884535,1.0,0.8083333333333333,0.9650000000000001,1.0
"(0, 1, 1, 0, 1)",11,0.5333333333333333,0.3133661740558292,0.6189969834087481,1.0,0.6441210524881924,0.984,0.4492582972582973,1.0,0.18666666666666668,0.9949999999999999,1.0
"(0, 1, 1, 1, 0)",11,0.840952380952381,0.8407613825436225,0.8244309162230765,1.0,0.8883974329222329,0.9821706196425298,0.711520225992703,1.0,0.7350000000000001,0.9800000000000001,1.0
"(0, 1, 1, 1, 1)",11,0.5238095238095238,0.36190476190476184,0.49230769230769234,1.0,0.618070818070818,0.9111111111111111,0.3555555555555555,1.0,0.30000000000000004,0.8,1.0
"(1, 0, 0, 0, 0)",11,0.6009523809523809,0.7343047317021356,0.00935704514363885,1.0,0.5812205922819247,0.5926331008216134,0.07333333333333333,1.0,0.9650000000000001,0.005,1.0
"(1, 0, 0, 0, 1)",11,0.5333333333333333,0.30985915492957744,0.6201550387596899,1.0,0.6433380645630892,1.0,0.44943820224719105,1.0,0.18333333333333332,1.0,1.0
"(1, 0, 0, 1, 0)",11,0.8285714285714285,0.826955326227171,0.8124506351091201,1.0,0.8798019871120971,0.9774514811031665,0.6963836957258009,1.0,0.7166666666666667,0.975,1.0
"(1, 0, 0, 1, 1)",11,0.5238095238095238,0.5904761904761904,0.12307692307692308,1.0,0.5711843711843712,0.6444444444444445,0.08888888888888888,1.0,0.7,0.2,1.0
"(1, 0, 1, 0, 0)",11,0.8571428571428571,0.859518562412601,0.8390817859726576,1.0,0.8995334494617528,0.9808018890890502,0.7350534092043526,1.0,0.7649999999999999,0.9775,1.0
"(1, 0, 1, 0, 1)",11,0.5314285714285714,0.3089924160346696,0.6180074201429735,1.0,0.6423332787258811,0.9826086956521738,0.4481939947946422,1.0,0.18333333333333332,0.9949999999999999,1.0
"(1, 0, 1, 1, 0)",11,0.840952380952381,0.8407613825436225,0.8244309162230765,1.0,0.8883974329222329,0.9821706196425298,0.711520225992703,1.0,0.7350000000000001,0.9800000000000001,1.0
"(1, 0, 1, 1, 1)",11,0.5238095238095238,0.6666666666666666,0.0,1.0,0.5555555555555555,0.5555555555555556,0.0,1.0,0.8333333333333334,0.0,1.0
"(1, 1, 0, 0, 0)",11,0.582857142857143,0.7188751033912324,0.008888888888888889,1.0,0.5759213307600405,0.584561403508772,0.04,1.0,0.9333333333333333,0.005,1.0
"(1, 1, 0, 0, 1)",11,0.5428571428571428,0.3333333333333333,0.625,1.0,0.6527777777777778,1.0,0.4545454545454545,1.0,0.2,1.0,1.0
"(1, 1, 0, 1, 0)",11,0.5266666666666666,0.5938186331488169,0.13432298086169767,1.0,0.5760472046701716,0.63721094306086,0.11690257308234835,1.0,0.7016666666666667,0.205,1.0
"(1, 1, 0, 1, 1)",11,0.5352380952380952,0.3904761904761904,0.4980769230769231,1.0,0.6295177045177045,0.9111111111111111,0.3616161616161616,1.0,0.32,0.8,1.0
"(1, 1, 1, 0, 0)",11,0.8457142857142858,0.8468988001753404,0.8279934137058174,1.0,0.8916307379603859,0.9782827037385242,0.719535764631366,1.0,0.7466666666666667,0.975,1.0
"(1, 1, 1, 0, 1)",11,0.5409523809523809,0.3324137931034482,0.6228431372549019,1.0,0.65175231011945,0.984,0.45329870129870126,1.0,0.2,0.9949999999999999,1.0
"(1, 1, 1, 1, 0)",11,0.7638095238095238,0.7899947988476381,0.648229092726502,1.0,0.8127412971913801,0.8893817226271586,0.5613070305798631,1.0,0.7350000000000001,0.7775000000000001,1.0
"(1, 1, 1, 1, 1)",11,0.5238095238095238,0.6666666666666666,0.0,1.0,0.5555555555555555,0.5555555555555556,0.0,1.0,0.8333333333333334,0.0,1.0
"(0, 0, 0, 0, 1)",12,0.5333333333333333,0.30985915492957744,0.6201550387596899,1.0,0.6433380645630892,1.0,0.44943820224719105,1.0,0.18333333333333332,1.0,1.0
"(0, 0, 0, 1, 0)",12,0.8152380952380952,0.8105675891024944,0.8011803970353192,1.0,0.870582662045938,0.9790398918187965,0.6788021468491794,1.0,0.6916666666666667,0.9775,1.0
"(0, 0, 0, 1, 1)",12,0.5333333333333333,0.30985915492957744,0.6201550387596899,1.0,0.6433380645630892,1.0,0.44943820224719105,1.0,0.18333333333333332,1.0,1.0
"(0, 0, 1, 0, 0)",12,0.8495238095238096,0.8501077977637793,0.832956355837051,1.0,0.8943547178669433,0.9868848542761587,0.7215991220578377,1.0,0.7466666666666667,0.985,1.0
"(0, 0, 1, 0, 1)",12,0.5295238095238095,0.3081256771397617,0.6158598015262571,1.0,0.6413284928886729,0.9652173913043478,0.4469497873420936,1.0,0.18333333333333332,0.99,1.0
"(0, 0, 1, 1, 0)",12,0.8257142857142856,0.8234975985051332,0.8099874465884422,1.0,0.8778283483645252,0.9771646289455165,0.6927861745657052,1.0,0.7116666666666667,0.975,1.0
"(0, 0, 1, 1, 1)",12,0.5333333333333333,0.30985915492957744,0.6201550387596899,1.0,0.6433380645630892,1.0,0.44943820224719105,1.0,0.18333333333333332,1.0,1.0
"(0, 1, 0, 0, 0)",12,0.582857142857143,0.7177803132455141,0.022322097378277155,1.0,0.580034136874597,0.5850812896114632,0.10444444444444442,1.0,0.9283333333333333,0.0125,1.0
"(0, 1, 0, 0, 1)",12,0.5523809523809524,0.3561643835616438,0.6299212598425197,1.0,0.6620285478013878,1.0,0.45977011494252873,1.0,0.2166666666666667,1.0,1.0
"(0, 1, 0, 1, 0)",12,0.8,0.7921120217225945,0.7878107558200195,1.0,0.8599742591808713,0.9759896729776247,0.6609822686993995,1.0,0.6666666666666666,0.975,1.0
"(0, 1, 0, 1, 1)",12,0.5333333333333333,0.30985915492957744,0.6201550387596899,1.0,0.6433380645630892,1.0,0.44943820224719105,1.0,0.18333333333333332,1.0,1.0
"(0, 1, 1, 0, 0)",12,0.8828571428571429,0.9143342698226725,0.7704480991939372,1.0,0.8949274563388698,0.8792458691168239,0.7974519270258184,1.0,0.9616666666666667,0.7499999999999999,1.0
"(0, 1, 1, 0, 1)",12,0.5485714285714286,0.3542260739912403,0.6255889950515078,1.0,0.6599383563475827,0.9703703703703702,0.4572719420636503,1.0,0.2166666666666667,0.99,1.0
"(0, 1, 1, 1, 0)",12,0.8247619047619047,0.8223641908499865,0.809145477676525,1.0,0.8771698895088372,0.9771123823415457,0.6915535576251237,1.0,0.7100000000000001,0.975,1.0
"(0, 1, 1, 1, 1)",12,0.5333333333333333,0.30985915492957744,0.6201550387596899,1.0,0.6433380645630892,1.0,0.44943820224719105,1.0,0.18333333333333332,1.0,1.0
"(1, 0, 0, 0, 0)",12,0.6009523809523809,0.7343047317021356,0.00935704514363885,1.0,0.5812205922819247,0.5926331008216134,0.07333333333333333,1.0,0.9650000000000001,0.005,1.0
"(1, 0, 0, 0, 1)",12,0.5428571428571428,0.3333333333333333,0.625,1.0,0.6527777777777778,1.0,0.4545454545454545,1.0,0.2,1.0,1.0
"(1, 0, 0, 1, 0)",12,0.8123809523809523,0.8085229608733403,0.7971429862803185,1.0,0.8685553157178862,0.9696561158545215,0.6778087388536751,1.0,0.6933333333333334,0.9675,1.0
"(1, 0, 0, 1, 1)",12,0.5333333333333333,0.30985915492957744,0.6201550387596899,1.0,0.6433380645630892,1.0,0.44943820224719105,1.0,0.18333333333333332,1.0,1.0
"(1, 0, 1, 0, 0)",12,0.8476190476190476,0.8489749855152784,0.8298628520511986,1.0,0.8929459458554924,0.978254702436016,0.7224217012896258,1.0,0.75,0.975,1.0
"(1, 0, 1, 0, 1)",12,0.5409523809523809,0.3324137931034482,0.6228431372549019,1.0,0.65175231011945,0.984,0.45329870129870126,1.0,0.2,0.9949999999999999,1.0
"(1, 0, 1, 1, 0)",12,0.8257142857142856,0.8234975985051332,0.8099874465884422,1.0,0.8778283483645252,0.9771646289455165,0.6927861745657052,1.0,0.7116666666666667,0.975,1.0
"(1, 0, 1, 1, 1)",12,0.5342857142857143,0.3140942204953861,0.620045599635203,1.0,0.644713273376863,0.992,0.449836276083467,1.0,0.18666666666666668,0.9974999999999999,1.0
"(1, 1, 0, 0, 0)",12,0.582857142857143,0.7188751033912324,0.008888888888888889,1.0,0.5759213307600405,0.584561403508772,0.04,1.0,0.9333333333333333,0.005,1.0
"(1, 1, 0, 0, 1)",12,0.5523809523809524,0.3561643835616438,0.6299212598425197,1.0,0.6620285478013878,1.0,0.45977011494252873,1.0,0.2166666666666667,1.0,1.0
"(1, 1, 0, 1, 0)",12,0.5866666666666667,0.4106398274622574,0.6509685787205557,1.0,0.6872028020609376,0.9524514338575394,0.49668478840208935,1.0,0.29333333333333333,0.975,1.0
"(1, 1, 0, 1, 1)",12,0.5485714285714286,0.34690333783523053,0.6279680156259537,1.0,0.658290451153728,1.0,0.4577037324034611,1.0,0.21000000000000002,1.0,1.0
"(1, 1, 1, 0, 0)",12,0.8457142857142858,0.8456448079234311,0.829543235269675,1.0,0.8917293477310354,0.9865884115884116,0.7165065294652451,1.0,0.74,0.985,1.0
"(1, 1, 1, 0, 1)",12,0.5514285714285714,0.35567980616904293,0.6288381936447667,1.0,0.6615059999379365,0.9925925925925926,0.4591455717228091,1.0,0.2166666666666667,0.9974999999999999,1.0
"(1, 1, 1, 1, 0)",12,0.8219047619047618,0.8188936948924355,0.8066669981757597,1.0,0.8751868976893984,0.977002223322527,0.6879939962380577,1.0,0.7050000000000001,0.975,1.0
"(1, 1, 1, 1, 1)",12,0.5333333333333333,0.30985915492957744,0.6201550387596899,1.0,0.6433380645630892,1.0,0.44943820224719105,1.0,0.18333333333333332,1.0,1.0
"(0, 0, 0, 0, 1)",13,0.5428571428571428,0.3333333333333333,0.625,1.0,0.6527777777777778,1.0,0.4545454545454545,1.0,0.2,1.0,1.0
"(0, 0, 0, 1, 0)",13,0.7961904761904762,0.7868634057435594,0.785123293233846,1.0,0.8573288996591352,0.9778056308340861,0.6560264444760955,1.0,0.6583333333333333,0.9775,1.0
"(0, 0, 0, 1, 1)",13,0.5428571428571428,0.3333333333333333,0.625,1.0,0.6527777777777778,1.0,0.4545454545454545,1.0,0.2,1.0,1.0
"(0, 0, 1, 0, 0)",13,0.8428571428571429,0.8427115413895159,0.8264808326808877,1.0,0.8897307913568012,0.9845166069885171,0.7132558985769996,1.0,0.7366666666666667,0.9824999999999999,1.0
"(0, 0, 1, 0, 1)",13,0.5419047619047619,0.3328735632183908,0.623921568627451,1.0,0.652265043948614,0.992,0.4539220779220779,1.0,0.2,0.9974999999999999,1.0
"(0, 0, 1, 1, 0)",13,0.8123809523809523,0.8077597504285452,0.7979398601641351,1.0,0.8685665368642267,0.9744336126119071,0.676625196358035,1.0,0.6900000000000001,0.9724999999999999,1.0
"(0, 0, 1, 1, 1)",13,0.5428571428571428,0.3333333333333333,0.625,1.0,0.6527777777777778,1.0,0.4545454545454545,1.0,0.2,1.0,1.0
"(0, 1, 0, 0, 0)",13,0.582857142857143,0.7177803132455141,0.022322097378277155,1.0,0.580034136874597,0.5850812896114632,0.10444444444444442,1.0,0.9283333333333333,0.0125,1.0
"(0, 1, 0, 0, 1)",13,0.5619047619047619,0.3783783783783784,0.6349206349206349,1.0,0.6710996710996712,1.0,0.4651162790697675,1.0,0.23333333333333334,1.0,1.0
"(0, 1, 0, 1, 0)",13,0.7904761904761904,0.779995395823469,0.7799559890958058,1.0,0.853317128306425,0.9753989762119843,0.6500169231169777,1.0,0.65,0.975,1.0
"(0, 1, 0, 1, 1)",13,0.5428571428571428,0.3333333333333333,0.625,1.0,0.6527777777777778,1.0,0.4545454545454545,1.0,0.2,1.0,1.0
"(0, 1, 1, 0, 0)",13,0.800952380952381,0.8557739909727736,0.6101809774477249,1.0,0.8219849894734995,0.8038790491598501,0.6596660629477832,1.0,0.9283333333333333,0.5850000000000001,1.0
"(0, 1, 1, 0, 1)",13,0.5580952380952381,0.376346816615273,0.630569784354645,1.0,0.668972200323306,0.9724137931034484,0.4626138990888073,1.0,0.23333333333333334,0.99,1.0
"(0, 1, 1, 1, 0)",13,0.8123809523809523,0.8077597504285452,0.7979398601641351,1.0,0.8685665368642267,0.9744336126119071,0.676625196358035,1.0,0.6900000000000001,0.9724999999999999,1.0
"(0, 1, 1, 1, 1)",13,0.5428571428571428,0.3333333333333333,0.625,1.0,0.6527777777777778,1.0,0.4545454545454545,1.0,0.2,1.0,1.0
"(1, 0, 0, 0, 0)",13,0.6009523809523809,0.7343047317021356,0.00935704514363885,1.0,0.5812205922819247,0.5926331008216134,0.07333333333333333,1.0,0.9650000000000001,0.005,1.0
"(1, 0, 0, 0, 1)",13,0.5523809523809524,0.3561643835616438,0.6299212598425197,1.0,0.6620285478013878,1.0,0.45977011494252873,1.0,0.2166666666666667,1.0,1.0
"(1, 0, 0, 1, 0)",13,0.8,0.7932537208067731,0.7866104955158733,1.0,0.8599547387742156,0.9688344370468214,0.6627658549472961,1.0,0.6716666666666666,0.9675,1.0
"(1, 0, 0, 1, 1)",13,0.5428571428571428,0.3333333333333333,0.625,1.0,0.6527777777777778,1.0,0.4545454545454545,1.0,0.2,1.0,1.0
"(1, 0, 1, 0, 0)",13,0.8419047619047619,0.8424577279208944,0.8245631784839895,1.0,0.8890069688016279,0.9779928315412187,0.7143993441189703,1.0,0.74,0.975,1.0
"(1, 0, 1, 0, 1)",13,0.5504761904761905,0.35519522877644205,0.6277551274470138,1.0,0.6609834520744852,0.9851851851851852,0.4585210285030895,1.0,0.2166666666666667,0.9949999999999999,1.0
"(1, 0, 1, 1, 0)",13,0.8114285714285714,0.8066170525467168,0.7971086857254477,1.0,0.8679085794240547,0.9743552427059511,0.675408382198743,1.0,0.6883333333333332,0.9724999999999999,1.0
"(1, 0, 1, 1, 1)",13,0.5428571428571428,0.3333333333333333,0.625,1.0,0.6527777777777778,1.0,0.4545454545454545,1.0,0.2,1.0,1.0
"(1, 1, 0, 0, 0)",13,0.582857142857143,0.7188751033912324,0.008888888888888889,1.0,0.5759213307600405,0.584561403508772,0.04,1.0,0.9333333333333333,0.005,1.0
"(1, 1, 0, 0, 1)",13,0.5619047619047619,0.3783783783783784,0.6349206349206349,1.0,0.6710996710996712,1.0,0.4651162790697675,1.0,0.23333333333333334,1.0,1.0
"(1, 1, 0, 1, 0)",13,0.8019047619047619,0.7969104797904276,0.7868228916181409,1.0,0.8612444571361895,0.9625367548783748,0.6666219363656043,1.0,0.68,0.96,1.0
"(1, 1, 0, 1, 1)",13,0.5580952380952381,0.3693693693693694,0.6329365079365079,1.0,0.6674352924352925,1.0,0.46300211416490483,1.0,0.2266666666666667,1.0,1.0
"(1, 1, 1, 0, 0)",13,0.5561904761904761,0.6930192947159555,0.03287304680006796,1.0,0.5752974471720078,0.573002925605104,0.09303663570691434,1.0,0.8766666666666666,0.02,1.0
"(1, 1, 1, 0, 1)",13,0.5580952380952381,0.376346816615273,0.630569784354645,1.0,0.668972200323306,0.9724137931034484,0.4626138990888073,1.0,0.23333333333333334,0.99,1.0
"(1, 1, 1, 1, 0)",13,0.8104761904761905,0.8054520040030276,0.7962945170762274,1.0,0.8672488403597516,0.9742731633625858,0.6742337063787582,1.0,0.6866666666666668,0.9724999999999999,1.0
"(1, 1, 1, 1, 1)",13,0.5428571428571428,0.3333333333333333,0.625,1.0,0.6527777777777778,1.0,0.4545454545454545,1.0,0.2,1.0,1.0
"(0, 0, 0, 0, 1)",14,0.5523809523809524,0.3561643835616438,0.6299212598425197,1.0,0.6620285478013878,1.0,0.45977011494252873,1.0,0.2166666666666667,1.0,1.0
"(0, 0, 0, 1, 0)",14,0.7780952380952381,0.7639190911983447,0.7699714066569293,1.0,0.844630165951758,0.9743837441705528,0.6362336513541744,1.0,0.6283333333333333,0.975,1.0
"(0, 0, 0, 1, 1)",14,0.5523809523809524,0.3561643835616438,0.6299212598425197,1.0,0.6620285478013878,1.0,0.45977011494252873,1.0,0.2166666666666667,1.0,1.0
"(0, 0, 1, 0, 0)",14,0.8323809523809524,0.8311002367450792,0.8162510148699319,1.0,0.8824504172050037,0.9798467432950192,0.7007299368640775,1.0,0.7216666666666668,0.9775,1.0
"(0, 0, 1, 0, 1)",14,0.5523809523809524,0.3561643835616438,0.6299212598425197,1.0,0.6620285478013878,1.0,0.45977011494252873,1.0,0.2166666666666667,1.0,1.0
"(0, 0, 1, 1, 0)",14,0.7952380952380953,0.7864413980763031,0.7835106375494886,1.0,0.8566506785419307,0.9730415466702388,0.6560732105681896,1.0,0.66,0.9724999999999999,1.0
"(0, 0, 1, 1, 1)",14,0.5523809523809524,0.3561643835616438,0.6299212598425197,1.0,0.6620285478013878,1.0,0.45977011494252873,1.0,0.2166666666666667,1.0,1.0
"(0, 1, 0, 0, 0)",14,0.582857142857143,0.7177803132455141,0.022322097378277155,1.0,0.580034136874597,0.5850812896114632,0.10444444444444442,1.0,0.9283333333333333,0.0125,1.0
"(0, 1, 0, 0, 1)",14,0.5714285714285714,0.4,0.64,1.0,0.68,1.0,0.47058823529411764,1.0,0.25,1.0,1.0
"(0, 1, 0, 1, 0)",14,0.778095238095238,0.7643796783521817,0.7694927874822964,1.0,0.8446241552781594,0.972233846400513,0.636707089339801,1.0,0.63,0.9724999999999999,1.0
"(0, 1, 0, 1, 1)",14,0.5523809523809524,0.3561643835616438,0.6299212598425197,1.0,0.6620285478013878,1.0,0.45977011494252873,1.0,0.2166666666666667,1.0,1.0
"(0, 1, 1, 0, 0)",14,0.6342857142857143,0.7394676771176453,0.2654194906092797,1.0,0.6682957225756417,0.648076412103155,0.3554990954990955,1.0,0.8716666666666667,0.2325,1.0
"(0, 1, 1, 0, 1)",14,0.5676190476190476,0.3978807947019868,0.6356305220883535,1.0,0.6778371055967801,0.9741935483870968,0.4680821441002436,1.0,0.25,0.99,1.0
"(0, 1, 1, 1, 0)",14,0.7952380952380953,0.7864413980763031,0.7835106375494886,1.0,0.8566506785419307,0.9730415466702388,0.6560732105681896,1.0,0.66,0.9724999999999999,1.0
"(0, 1, 1, 1, 1)",14,0.5523809523809524,0.3561643835616438,0.6299212598425197,1.0,0.6620285478013878,1.0,0.45977011494252873,1.0,0.2166666666666667,1.0,1.0
"(1, 0, 0, 0, 0)",14,0.6009523809523809,0.7343047317021356,0.00935704514363885,1.0,0.5812205922819247,0.5926331008216134,0.07333333333333333,1.0,0.9650000000000001,0.005,1.0
"(1, 0, 0, 0, 1)",14,0.5619047619047619,0.3783783783783784,0.6349206349206349,1.0,0.6710996710996712,1.0,0.4651162790697675,1.0,0.23333333333333334,1.0,1.0
"(1, 0, 0, 1, 0)",14,0.7828571428571428,0.7710130774551425,0.7729332124702196,1.0,0.8479820966417874,0.9698547601552023,0.6424933028836921,1.0,0.6399999999999999,0.97,1.0
"(1, 0, 0, 1, 1)",14,0.5523809523809524,0.3561643835616438,0.6299212598425197,1.0,0.6620285478013878,1.0,0.45977011494252873,1.0,0.2166666666666667,1.0,1.0
"(1, 0, 1, 0, 0)",14,0.838095238095238,0.8380158244053948,0.821108889513007,1.0,0.8863749046394673,0.9778688702601747,0.7092832023791267,1.0,0.7333333333333334,0.975,1.0
"(1, 0, 1, 0, 1)",14,0.5619047619047619,0.3783783783783784,0.6349206349206349,1.0,0.6710996710996712,1.0,0.4651162790697675,1.0,0.23333333333333334,1.0,1.0
"(1, 0, 1, 1, 0)",14,0.7961904761904762,0.7876630127750863,0.7842821719893647,1.0,0.8573150615881504,0.9731619923191396,0.6571556774532488,1.0,0.6616666666666666,0.9724999999999999,1.0
"(1, 0, 1, 1, 1)",14,0.5523809523809524,0.3561643835616438,0.6299212598425197,1.0,0.6620285478013878,1.0,0.45977011494252873,1.0,0.2166666666666667,1.0,1.0
"(1, 1, 0, 0, 0)",14,0.582857142857143,0.7188751033912324,0.008888888888888889,1.0,0.5759213307600405,0.584561403508772,0.04,1.0,0.9333333333333333,0.005,1.0
"(1, 1, 0, 0, 1)",14,0.5714285714285714,0.4,0.64,1.0,0.68,1.0,0.47058823529411764,1.0,0.25,1.0,1.0
"(1, 1, 0, 1, 0)",14,0.7819047619047619,0.7743379278491428,0.7675038089058707,1.0,0.847280578918338,0.9472359947949684,0.6462327890470465,1.0,0.655,0.945,1.0
"(1, 1, 0, 1, 1)",14,0.5676190476190476,0.3912328767123287,0.637984251968504,1.0,0.6764057095602777,1.0,0.4684246112237999,1.0,0.24333333333333335,1.0,1.0
"(1, 1, 1, 0, 0)",14,0.5619047619047619,0.6981453481337577,0.03360019510280417,1.0,0.5772485144121873,0.5757429403053986,0.10545518207282914,1.0,0.8866666666666667,0.02,1.0
"(1, 1, 1, 0, 1)",14,0.5676190476190476,0.3978807947019868,0.6356305220883535,1.0,0.6778371055967801,0.9741935483870968,0.4680821441002436,1.0,0.25,0.99,1.0
"(1, 1, 1, 1, 0)",14,0.7952380952380953,0.7864413980763031,0.7835106375494886,1.0,0.8566506785419307,0.9730415466702388,0.6560732105681896,1.0,0.66,0.9724999999999999,1.0
"(1, 1, 1, 1, 1)",14,0.5523809523809524,0.3561643835616438,0.6299212598425197,1.0,0.6620285478013878,1.0,0.45977011494252873,1.0,0.2166666666666667,1.0,1.0
"(0, 0, 0, 0, 1)",15,0.5619047619047619,0.3783783783783784,0.6349206349206349,1.0,0.6710996710996712,1.0,0.4651162790697675,1.0,0.23333333333333334,1.0,1.0
"(0, 0, 0, 1, 0)",15,0.7657142857142857,0.7474121607405848,0.7602234620509891,1.0,0.8358785409305248,0.9734708392603129,0.6230286738351255,1.0,0.6066666666666667,0.975,1.0
"(0, 0, 0, 1, 1)",15,0.5619047619047619,0.3783783783783784,0.6349206349206349,1.0,0.6710996710996712,1.0,0.4651162790697675,1.0,0.23333333333333334,1.0,1.0
"(0, 0, 1, 0, 0)",15,0.8209523809523809,0.8178348848171062,0.8057609215632195,1.0,0.8745319354601087,0.9770096716969212,0.6866249484712698,1.0,0.7033333333333334,0.975,1.0
"(0, 0, 1, 0, 1)",15,0.5619047619047619,0.3783783783783784,0.6349206349206349,1.0,0.6710996710996712,1.0,0.4651162790697675,1.0,0.23333333333333334,1.0,1.0
"(0, 0, 1, 1, 0)",15,0.7847619047619048,0.7739632817553111,0.7740232172470978,1.0,0.849328833000803,0.9674930534115468,0.6450539291217257,1.0,0.6449999999999999,0.9675,1.0
"(0, 0, 1, 1, 1)",15,0.5619047619047619,0.3783783783783784,0.6349206349206349,1.0,0.6710996710996712,1.0,0.4651162790697675,1.0,0.23333333333333334,1.0,1.0
"(0, 1, 0, 0, 0)",15,0.582857142857143,0.7177803132455141,0.022322097378277155,1.0,0.580034136874597,0.5850812896114632,0.10444444444444442,1.0,0.9283333333333333,0.0125,1.0
"(0, 1, 0, 0, 1)",15,0.580952380952381,0.42105263157894735,0.6451612903225806,1.0,0.688737973967176,1.0,0.47619047619047616,1.0,0.26666666666666666,1.0,1.0
"(0, 1, 0, 1, 0)",15,0.7638095238095237,0.7452897879749811,0.7583040669911119,1.0,0.8345312849886977,0.970866250866251,0.6215149962353976,1.0,0.6050000000000001,0.9724999999999999,1.0
"(0, 1, 0, 1, 1)",15,0.5619047619047619,0.3783783783783784,0.6349206349206349,1.0,0.6710996710996712,1.0,0.4651162790697675,1.0,0.23333333333333334,1.0,1.0
"(0, 1, 1, 0, 0)",15,0.6380952380952382,0.6726691956868878,0.37307612459971773,1.0,0.6819151067622018,0.7246106629414198,0.41208938120702826,1.0,0.7516666666666667,0.4225,1.0
"(0, 1, 1, 0, 1)",15,0.5771428571428572,0.41885104919160643,0.6407731487527752,1.0,0.6865413993147939,0.9757575757575758,0.47368120901055033,1.0,0.26666666666666666,0.99,1.0
"(0, 1, 1, 1, 0)",15,0.7847619047619048,0.7739632817553111,0.7740232172470978,1.0,0.849328833000803,0.9674930534115468,0.6450539291217257,1.0,0.6449999999999999,0.9675,1.0
"(0, 1, 1, 1, 1)",15,0.5619047619047619,0.3783783783783784,0.6349206349206349,1.0,0.6710996710996712,1.0,0.4651162790697675,1.0,0.23333333333333334,1.0,1.0
"(1, 0, 0, 0, 0)",15,0.6009523809523809,0.7343047317021356,0.00935704514363885,1.0,0.5812205922819247,0.5926331008216134,0.07333333333333333,1.0,0.9650000000000001,0.005,1.0
"(1, 0, 0, 0, 1)",15,0.5714285714285714,0.4,0.64,1.0,0.68,1.0,0.47058823529411764,1.0,0.25,1.0,1.0
"(1, 0, 0, 1, 0)",15,0.7619047619047619,0.7422013885875438,0.7572992344262636,1.0,0.8331668743379359,0.9731463980202264,0.6191259757196517,1.0,0.6000000000000001,0.975,1.0
"(1, 0, 0, 1, 1)",15,0.5619047619047619,0.3783783783783784,0.6349206349206349,1.0,0.6710996710996712,1.0,0.4651162790697675,1.0,0.23333333333333334,1.0,1.0
"(1, 0, 1, 0, 0)",15,0.8304761904761904,0.8300490450223117,0.8131281913259277,1.0,0.8810590787827465,0.970854610970845,0.7012935172730578,1.0,0.725,0.9675,1.0
"(1, 0, 1, 0, 1)",15,0.5714285714285714,0.4,0.64,1.0,0.68,1.0,0.47058823529411764,1.0,0.25,1.0,1.0
"(1, 0, 1, 1, 0)",15,0.7866666666666666,0.7755141834720165,0.7764544110318685,1.0,0.8506561981679617,0.972490587523005,0.646236486401844,1.0,0.6449999999999999,0.9724999999999999,1.0
"(1, 0, 1, 1, 1)",15,0.5619047619047619,0.3783783783783784,0.6349206349206349,1.0,0.6710996710996712,1.0,0.4651162790697675,1.0,0.23333333333333334,1.0,1.0
"(1, 1, 0, 0, 0)",15,0.582857142857143,0.7188751033912324,0.008888888888888889,1.0,0.5759213307600405,0.584561403508772,0.04,1.0,0.9333333333333333,0.005,1.0
"(1, 1, 0, 0, 1)",15,0.580952380952381,0.42105263157894735,0.6451612903225806,1.0,0.688737973967176,1.0,0.47619047619047616,1.0,0.26666666666666666,1.0,1.0
"(1, 1, 0, 1, 0)",15,0.7685714285714285,0.75523264532762,0.7585646654020934,1.0,0.8379324369099045,0.9553119522237168,0.6293953688588457,1.0,0.625,0.9549999999999998,1.0
"(1, 1, 0, 1, 1)",15,0.5771428571428572,0.41251778093883357,0.6431131592421914,1.0,0.685210313393675,1.0,0.4739756367663345,1.0,0.25999999999999995,1.0,1.0
"(1, 1, 1, 0, 0)",15,0.5723809523809524,0.7059253745153893,0.05050395823251759,1.0,0.5854764442493023,0.5814275269611427,0.16198017668605905,1.0,0.8983333333333334,0.03,1.0
"(1, 1, 1, 0, 1)",15,0.5771428571428572,0.41885104919160643,0.6407731487527752,1.0,0.6865413993147939,0.9757575757575758,0.47368120901055033,1.0,0.26666666666666666,0.99,1.0
"(1, 1, 1, 1, 0)",15,0.7847619047619048,0.7730192847359119,0.7749396088053773,1.0,0.8493196311804297,0.9722666342610771,0.6441464353699151,1.0,0.6416666666666666,0.9724999999999999,1.0
"(1, 1, 1, 1, 1)",15,0.5619047619047619,0.3783783783783784,0.6349206349206349,1.0,0.6710996710996712,1.0,0.4651162790697675,1.0,0.23333333333333334,1.0,1.0
"(0, 0, 0, 0, 1)",16,0.5714285714285714,0.4,0.64,1.0,0.68,1.0,0.47058823529411764,1.0,0.25,1.0,1.0
"(0, 0, 0, 1, 0)",16,0.7495238095238095,0.7273396090638713,0.7459756240207875,1.0,0.8244384110282196,0.9614462475209148,0.6080123049662397,1.0,0.585,0.9650000000000001,1.0
"(0, 0, 0, 1, 1)",16,0.5714285714285714,0.4,0.64,1.0,0.68,1.0,0.47058823529411764,1.0,0.25,1.0,1.0
"(0, 0, 1, 0, 0)",16,0.8171428571428571,0.8132219287241048,0.8024514173748175,1.0,0.8718911153663074,0.9768206690710111,0.6818493907567135,1.0,0.6966666666666667,0.975,1.0
"(0, 0, 1, 0, 1)",16,0.5714285714285714,0.4,0.64,1.0,0.68,1.0,0.47058823529411764,1.0,0.25,1.0,1.0
"(0, 0, 1, 1, 0)",16,0.7733333333333333,0.7595478644311131,0.7643887236014242,1.0,0.8413121960108458,0.9640617715617715,0.6328515260562442,1.0,0.6266666666666667,0.9650000000000001,1.0
"(0, 0, 1, 1, 1)",16,0.5714285714285714,0.4,0.64,1.0,0.68,1.0,0.47058823529411764,1.0,0.25,1.0,1.0
"(0, 1, 0, 0, 0)",16,0.582857142857143,0.7177803132455141,0.022322097378277155,1.0,0.580034136874597,0.5850812896114632,0.10444444444444442,1.0,0.9283333333333333,0.0125,1.0
"(0, 1, 0, 0, 1)",16,0.5904761904761905,0.4415584415584416,0.6504065040650406,1.0,0.6973216485411607,1.0,0.48192771084337344,1.0,0.2833333333333333,1.0,1.0
"(0, 1, 0, 1, 0)",16,0.7447619047619047,0.7207164993433007,0.742393541563189,1.0,0.8210366803021631,0.9608372456964007,0.6032559293097084,1.0,0.5766666666666665,0.9650000000000001,1.0
"(0, 1, 0, 1, 1)",16,0.5714285714285714,0.4,0.64,1.0,0.68,1.0,0.47058823529411764,1.0,0.25,1.0,1.0
"(0, 1, 1, 0, 0)",16,0.6980952380952381,0.7760976503799513,0.39848528195846966,1.0,0.7248609774461403,0.7418373627201353,0.42919999284845883,1.0,0.8583333333333332,0.42000000000000004,1.0
"(0, 1, 1, 0, 1)",16,0.5866666666666667,0.4392794302471722,0.6459996681599469,1.0,0.695093032802373,0.9771428571428572,0.4794158451989777,1.0,0.2833333333333333,0.99,1.0
"(0, 1, 1, 1, 0)",16,0.7733333333333333,0.7595478644311131,0.7643887236014242,1.0,0.8413121960108458,0.9640617715617715,0.6328515260562442,1.0,0.6266666666666667,0.9650000000000001,1.0
"(0, 1, 1, 1, 1)",16,0.5714285714285714,0.4,0.64,1.0,0.68,1.0,0.47058823529411764,1.0,0.25,1.0,1.0
"(1, 0, 0, 0, 0)",16,0.6009523809523809,0.7343047317021356,0.00935704514363885,1.0,0.5812205922819247,0.5926331008216134,0.07333333333333333,1.0,0.9650000000000001,0.005,1.0
"(1, 0, 0, 0, 1)",16,0.580952380952381,0.42105263157894735,0.6451612903225806,1.0,0.688737973967176,1.0,0.47619047619047616,1.0,0.26666666666666666,1.0,1.0
"(1, 0, 0, 1, 0)",16,0.7447619047619047,0.7207164993433007,0.742393541563189,1.0,0.8210366803021631,0.9608372456964007,0.6032559293097084,1.0,0.5766666666666665,0.9650000000000001,1.0
"(1, 0, 0, 1, 1)",16,0.5714285714285714,0.4,0.64,1.0,0.68,1.0,0.47058823529411764,1.0,0.25,1.0,1.0
"(1, 0, 1, 0, 0)",16,0.8266666666666665,0.8258801322460517,0.8093426227329236,1.0,0.8784075849929918,0.9684789362134542,0.6969954652426888,1.0,0.7200000000000001,0.9650000000000001,1.0
"(1, 0, 1, 0, 1)",16,0.580952380952381,0.42105263157894735,0.6451612903225806,1.0,0.688737973967176,1.0,0.47619047619047616,1.0,0.26666666666666666,1.0,1.0
"(1, 0, 1, 1, 0)",16,0.7723809523809524,0.7582762651899708,0.7636473686777545,1.0,0.8406412112892416,0.9639285714285715,0.6318385978941757,1.0,0.625,0.9650000000000001,1.0
"(1, 0, 1, 1, 1)",16,0.5714285714285714,0.4,0.64,1.0,0.68,1.0,0.47058823529411764,1.0,0.25,1.0,1.0
"(1, 1, 0, 0, 0)",16,0.582857142857143,0.7188751033912324,0.008888888888888889,1.0,0.5759213307600405,0.584561403508772,0.04,1.0,0.9333333333333333,0.005,1.0
"(1, 1, 0, 0, 1)",16,0.5904761904761905,0.4415584415584416,0.6504065040650406,1.0,0.6973216485411607,1.0,0.48192771084337344,1.0,0.2833333333333333,1.0,1.0
"(1, 1, 0, 1, 0)",16,0.741904761904762,0.7155184097869843,0.7412308470233431,1.0,0.8189164189367759,0.9659119422416854,0.599813600914132,1.0,0.5683333333333334,0.97,1.0
"(1, 1, 0, 1, 1)",16,0.5904761904761905,0.4415584415584416,0.6504065040650406,1.0,0.6973216485411607,1.0,0.48192771084337344,1.0,0.2833333333333333,1.0,1.0
"(1, 1, 1, 0, 0)",16,0.5809523809523809,0.7135042412687767,0.05137183119448566,1.0,0.5882920241544207,0.5854548150913602,0.18401515151515152,1.0,0.9133333333333333,0.03,1.0
"(1, 1, 1, 0, 1)",16,0.5866666666666667,0.4392794302471722,0.6459996681599469,1.0,0.695093032802373,0.9771428571428572,0.4794158451989777,1.0,0.2833333333333333,0.99,1.0
"(1, 1, 1, 1, 0)",16,0.7704761904761904,0.7558095043746652,0.7621008259196628,1.0,0.8393034434314426,0.9638336347197107,0.6297117516629711,1.0,0.6216666666666667,0.9650000000000001,1.0
"(1, 1, 1, 1, 1)",16,0.5742857142857142,0.40774193548387094,0.6409795918367347,1.0,0.6829071757735353,0.9942857142857143,0.47222816399286993,1.0,0.25666666666666665,0.9974999999999999,1.0
